<?xml version="1.0" encoding="UTF-8"?>
<beans:beans xmlns="http://www.springframework.org/schema/mvc"
	xmlns:xsi="http://www.w3.org/2001/XMLSchema-instance"
	xmlns:beans="http://www.springframework.org/schema/beans"
	xmlns:context="http://www.springframework.org/schema/context"
	xmlns:aop="http://www.springframework.org/schema/aop"
	xsi:schemaLocation="http://www.springframework.org/schema/mvc https://www.springframework.org/schema/mvc/spring-mvc.xsd
		http://www.springframework.org/schema/beans https://www.springframework.org/schema/beans/spring-beans.xsd
		http://www.springframework.org/schema/context https://www.springframework.org/schema/context/spring-context.xsd
		http://www.springframework.org/schema/aop http://www.springframework.org/schema/aop/spring-aop-4.3.xsd">

	<!-- DispatcherServlet Context: defines this servlet's request-processing infrastructure -->
	
	<!-- Enables the Spring MVC @Controller programming model -->
	<annotation-driven />

	<!-- Handles HTTP GET requests for /resources/** by efficiently serving up static resources in the ${webappRoot}/resources directory -->
	<resources mapping="/resources/**" location="/resources/" />

	<!-- Resolves views selected for rendering by @Controllers to .jsp resources in the /WEB-INF/views directory -->
	<beans:bean class="org.springframework.web.servlet.view.InternalResourceViewResolver">
		<beans:property name="prefix" value="/WEB-INF/views/" />
		<beans:property name="suffix" value=".jsp" />
		<beans:property name="order" value="1" />
	</beans:bean>
	
	<!-- 컨트롤러가 리턴한 json 객체 출력용 뷰 클래스를 등록함 : 
			메이븐 dependancy 로 다운받은 라이브러리가 제공함 -->
	<beans:bean class="net.sf.json.spring.web.servlet.view.JsonView" id="jsonView">
	</beans:bean>
	
	<!-- 파일 다운을 위한 뷰리졸버 지정 (JsonView 도 해당됨)
		주의 : id 속성을 지정하지 않는다.
		여러 개의 뷰리졸버를 지정할 때는 실행 순서를 정해야 함
		파일 다운 뷰리졸버가 반드시 맨 처음 실행되게 순서를 지정해야 함
		컨트롤러 메소드가 리턴하는 뷰이름과 동일한 이름의 뷰클래스(bean)가 있으면
		자동으로 해당 뷰클래스(파일다운로드 처리용 뷰클래스)를 실행함
	 -->
	
	<beans:bean
		class="org.springframework.web.servlet.view.BeanNameViewResolver">
		<beans:property name="order" value="0" />
		<!-- 제일 먼저 실행되도록 순서 지정해야 함 -->
	</beans:bean>
	
	<!-- 파일업로드용 클래스 등록 : 파일 전송 용량 지정 -->
	<beans:bean
		class="org.springframework.web.multipart.commons.CommonsMultipartResolver"
		id="multipartResolver">
	<beans:property name="maxUploadSize" value="10000000"></beans:property>
	</beans:bean>

	<context:component-scan base-package="com.kh.second" />	
	
	<aop:aspectj-autoproxy proxy-target-class="true" />
	
	
	<interceptors>
		<interceptor>
			<mapping path="/**" />
			<beans:bean id="loggerInterceptor" class="com.kh.second.common.interceptor.LoggerInterceptor" />
		</interceptor>
		<!-- 로그인 체크용 인터셉터 등록 -->
		<interceptor>
			<mapping path="/member/myinfo.do" />
			<mapping path="/member/mupdate.do" />
			<mapping path="/board/*.do" />
			<!-- 스프링 3.2 부터 exclude-mappin 앨리먼트 사용할 수 있음 -->
			<!-- <exclude-mapping path="/board/blist.do" /> -->
			<!-- <mapping path="/blist.do" /> -->
			<beans:bean id="loginCheckInterceptor" class="com.kh.second.common.interceptor.LoginCheckInterceptor" />
		</interceptor>
	</interceptors>
	
	
</beans:beans>







